account,groep,ronde,categorie,campagne,campaign_id,ad_group_id,oud_cat_id,nieuw_cat_id,status_na_15sep,kosten_dec24_nov25,omzet_dec24_nov25,kliks_dec24_nov25,laatste_uitgave_voor_ingreep
DMA BE,gepauzeerd,export 90,Cyclocross fietsen,PLA/Cyclocross fietsen_a,21113893103,,9005018,,PAUSED,0.0,0.0,0,nooit
DMA BE,gepauzeerd,export 90,Cyclocross fietsen,PLA/Cyclocross fietsen_b,21107100213,,9005018,,PAUSED,0.0,0.0,0,nooit
DMA BE,gepauzeerd,export 90,Cyclocross fietsen,PLA/Cyclocross fietsen_c,21107100231,,9005018,,PAUSED,0.0,0.0,0,nooit
DMA BE,gepauzeerd,export 90,Kleefrollers,PLA/Kleefrollers_a,21113992997,,9003404,,PAUSED,0.0,0.0,0,nooit
DMA BE,gepauzeerd,export 90,Kleefrollers,PLA/Kleefrollers_b,21113992931,,9003404,,PAUSED,0.0,0.0,0,nooit
DMA BE,gepauzeerd,export 90,Kleefrollers,PLA/Kleefrollers_c,21113993033,,9003404,,PAUSED,0.0,0.0,0,nooit
DMA BE,gepauzeerd,export 90,Letterbakken,PLA/Letterbakken_a,21117548626,,9003338,,PAUSED,0.0,0.0,0,nooit
DMA BE,gepauzeerd,export 90,Letterbakken,PLA/Letterbakken_b,21107395884,,9003338,,PAUSED,0.0,0.0,0,nooit
DMA BE,gepauzeerd,export 90,Letterbakken,PLA/Letterbakken_c,21117548857,,9003338,,PAUSED,0.0,0.0,0,nooit
DMA BE,gepauzeerd,export 90,Ligfietsen,PLA/Ligfietsen_a,21107397030,,9001190,,PAUSED,0.0,0.0,0,nooit
DMA BE,gepauzeerd,export 90,Ligfietsen,PLA/Ligfietsen_b,21117550291,,9001190,,PAUSED,0.0,0.0,0,nooit
DMA BE,gepauzeerd,export 90,Ligfietsen,PLA/Ligfietsen_c,21107397240,,9001190,,PAUSED,0.0,0.0,0,nooit
DMA BE,gepauzeerd,export 90,Moederfietsen,PLA/Moederfietsen_a,21114194534,,9003456,,PAUSED,0.0,0.0,0,2024-06
DMA BE,gepauzeerd,export 90,Moederfietsen,PLA/Moederfietsen_b,21107409549,,9003456,,PAUSED,0.0,0.0,0,nooit
DMA BE,gepauzeerd,export 90,Moederfietsen,PLA/Moederfietsen_c,21114195056,,9003456,,PAUSED,0.0,0.0,0,nooit
DMA BE,gepauzeerd,export 90,Opslag voor speeltjes,PLA/Opslag voor speeltjes_a,21117581227,,9002666,,PAUSED,0.0,0.0,0,nooit
DMA BE,gepauzeerd,export 90,Opslag voor speeltjes,PLA/Opslag voor speeltjes_b,21107427792,,9002666,,PAUSED,0.0,0.0,0,nooit
DMA BE,gepauzeerd,export 90,Opslag voor speeltjes,PLA/Opslag voor speeltjes_c,21117581650,,9002666,,PAUSED,0.0,0.0,0,nooit
DMA BE,gepauzeerd,export 90,Plasma TV's,PLA/Plasma TV's_a,21107440758,,9005293,,PAUSED,0.0,0.0,0,nooit
DMA BE,gepauzeerd,export 90,Plasma TV's,PLA/Plasma TV's_b,21117596803,,9005293,,PAUSED,0.0,0.0,0,nooit
DMA BE,gepauzeerd,export 90,Plasma TV's,PLA/Plasma TV's_c,21114227249,,9005293,,PAUSED,0.0,0.0,0,nooit
DMA BE,gepauzeerd,export 90,Tandems,PLA/Tandems_a,21114516683,,9001185,,PAUSED,0.0,0.0,0,nooit
DMA BE,gepauzeerd,export 90,Tandems,PLA/Tandems_b,21107740248,,9001185,,PAUSED,0.0,0.0,0,nooit
DMA BE,gepauzeerd,export 90,Tandems,PLA/Tandems_c,21107733246,,9001185,,PAUSED,0.0,0.0,0,nooit
DMA BE,gepauzeerd,export 90,Toiletemmers,PLA/Toiletemmers_a,21107994132,,9004759,,PAUSED,0.0,0.0,0,nooit
DMA BE,gepauzeerd,export 90,Toiletemmers,PLA/Toiletemmers_b,21114719717,,9004759,,PAUSED,0.0,0.0,0,nooit
DMA BE,gepauzeerd,export 90,Toiletemmers,PLA/Toiletemmers_c,21114731261,,9004759,,PAUSED,0.0,0.0,0,nooit
DMA BE,gepauzeerd,export 90,Travelmaaltijden,PLA/Travelmaaltijden_a,21118088362,,9003778,,PAUSED,0.0,0.0,0,nooit
DMA BE,gepauzeerd,export 90,Travelmaaltijden,PLA/Travelmaaltijden_b,21107995599,,9003778,,PAUSED,0.0,0.0,0,nooit
DMA BE,gepauzeerd,export 90,Travelmaaltijden,PLA/Travelmaaltijden_c,21114733565,,9003778,,PAUSED,0.0,0.0,0,nooit
DMA BE,gepauzeerd,export 90,Vakantiehuizen,PLA/Vakantiehuizen_a,21107810130,,9001537,,PAUSED,0.0,0.0,0,nooit
DMA BE,gepauzeerd,export 90,Vakantiehuizen,PLA/Vakantiehuizen_b,21117931330,,9001537,,PAUSED,0.0,0.0,0,nooit
DMA BE,gepauzeerd,export 90,Vakantiehuizen,PLA/Vakantiehuizen_c,21114567800,,9001537,,PAUSED,0.0,0.0,0,nooit
DMA NL,gepauzeerd,export 90,Cyclocross fietsen,PLA/Cyclocross fietsen_a,21085796858,,9005018,,PAUSED,0.0,0.0,0,nooit
DMA NL,gepauzeerd,export 90,Cyclocross fietsen,PLA/Cyclocross fietsen_b,21078941901,,9005018,,PAUSED,0.0,0.0,0,nooit
DMA NL,gepauzeerd,export 90,Cyclocross fietsen,PLA/Cyclocross fietsen_c,21085797002,,9005018,,PAUSED,0.0,0.0,0,nooit
DMA NL,gepauzeerd,export 90,Kleefrollers,PLA/Kleefrollers_a,21085887347,,9003404,,PAUSED,0.0,0.0,0,nooit
DMA NL,gepauzeerd,export 90,Kleefrollers,PLA/Kleefrollers_b,21079024203,,9003404,,PAUSED,0.0,0.0,0,2025-12
DMA NL,gepauzeerd,export 90,Kleefrollers,PLA/Kleefrollers_c,21089080771,,9003404,,PAUSED,0.0,0.0,0,nooit
DMA NL,gepauzeerd,export 90,Klokpuzzels,PLA/Klokpuzzels_a,23330448136,,9000179,,PAUSED,0.0,0.0,0,nooit
DMA NL,gepauzeerd,export 90,Klokpuzzels,PLA/Klokpuzzels_b,23327430182,,9000179,,PAUSED,0.0,0.0,0,nooit
DMA NL,gepauzeerd,export 90,Klokpuzzels,PLA/Klokpuzzels_c,23332988137,,9000179,,PAUSED,0.0,0.0,0,nooit
DMA NL,gepauzeerd,export 90,Koppelbedden,PLA/Koppelbedden_a,23330315899,,9000193,,PAUSED,0.0,0.0,0,nooit
DMA NL,gepauzeerd,export 90,Koppelbedden,PLA/Koppelbedden_b,23327339006,,9000193,,PAUSED,0.0,0.0,0,nooit
DMA NL,gepauzeerd,export 90,Koppelbedden,PLA/Koppelbedden_c,23332135162,,9000193,,PAUSED,0.0,0.0,0,nooit
DMA NL,gepauzeerd,export 90,Letterbakken,PLA/Letterbakken_a,21079193412,,9003338,,PAUSED,0.0,0.0,0,nooit
DMA NL,gepauzeerd,export 90,Letterbakken,PLA/Letterbakken_b,21086056682,,9003338,,PAUSED,0.0,0.0,0,nooit
DMA NL,gepauzeerd,export 90,Letterbakken,PLA/Letterbakken_c,21086056703,,9003338,,PAUSED,0.0,0.0,0,nooit
DMA NL,gepauzeerd,export 90,Ligfietsen,PLA/Ligfietsen_a,21089287153,,9001190,,PAUSED,0.0,0.0,0,nooit
DMA NL,gepauzeerd,export 90,Ligfietsen,PLA/Ligfietsen_b,21079228017,,9001190,,PAUSED,0.0,0.0,0,nooit
DMA NL,gepauzeerd,export 90,Ligfietsen,PLA/Ligfietsen_c,21079230138,,9001190,,PAUSED,0.0,0.0,0,nooit
DMA NL,gepauzeerd,export 90,Moederfietsen,PLA/Moederfietsen_a,21089333722,,9003456,,PAUSED,0.0,0.0,0,2024-06
DMA NL,gepauzeerd,export 90,Moederfietsen,PLA/Moederfietsen_b,21079267113,,9003456,,PAUSED,0.0,0.0,0,nooit
DMA NL,gepauzeerd,export 90,Moederfietsen,PLA/Moederfietsen_c,21089333182,,9003456,,PAUSED,0.0,0.0,0,2024-06
DMA NL,gepauzeerd,export 90,OLD-Magnetronmeubelen,PLA/OLD-Magnetronmeubelen_a,23330312056,,9000021,,PAUSED,0.0,0.0,0,nooit
DMA NL,gepauzeerd,export 90,OLD-Magnetronmeubelen,PLA/OLD-Magnetronmeubelen_b,23331402625,,9000021,,PAUSED,0.0,0.0,0,nooit
DMA NL,gepauzeerd,export 90,OLD-Magnetronmeubelen,PLA/OLD-Magnetronmeubelen_c,23322996201,,9000021,,PAUSED,0.0,0.0,0,nooit
DMA NL,gepauzeerd,export 90,OLD-Wachtkamerbanken,PLA/OLD-Wachtkamerbanken_a,23326218218,,9000204,,PAUSED,0.0,0.0,0,nooit
DMA NL,gepauzeerd,export 90,OLD-Wachtkamerbanken,PLA/OLD-Wachtkamerbanken_b,23322231267,,9000204,,PAUSED,0.0,0.0,0,nooit
DMA NL,gepauzeerd,export 90,OLD-Wachtkamerbanken,PLA/OLD-Wachtkamerbanken_c,23328054872,,9000204,,PAUSED,0.0,0.0,0,nooit
DMA NL,gepauzeerd,export 90,Opslag voor speeltjes,PLA/Opslag voor speeltjes_a,21089353864,,9002666,,PAUSED,0.0,0.0,0,nooit
DMA NL,gepauzeerd,export 90,Opslag voor speeltjes,PLA/Opslag voor speeltjes_b,21089353915,,9002666,,PAUSED,0.0,0.0,0,nooit
DMA NL,gepauzeerd,export 90,Opslag voor speeltjes,PLA/Opslag voor speeltjes_c,21089354047,,9002666,,PAUSED,0.0,0.0,0,nooit
DMA NL,gepauzeerd,export 90,Plasma TV's,PLA/Plasma TV's_a,21079361412,,9002580,,PAUSED,0.0,0.0,0,nooit
DMA NL,gepauzeerd,export 90,Plasma TV's,PLA/Plasma TV's_b,21089414782,,9002580,,PAUSED,0.0,0.0,0,nooit
DMA NL,gepauzeerd,export 90,Plasma TV's,PLA/Plasma TV's_c,21086227436,,9002580,,PAUSED,0.0,0.0,0,nooit
DMA NL,gepauzeerd,export 90,Puzzelballen,PLA/Puzzelballen_a,23321322438,,9000176,,PAUSED,0.0,0.0,0,nooit
DMA NL,gepauzeerd,export 90,Puzzelballen,PLA/Puzzelballen_b,23327428685,,9000176,,PAUSED,0.0,0.0,0,nooit
DMA NL,gepauzeerd,export 90,Puzzelballen,PLA/Puzzelballen_c,23323860666,,9000176,,PAUSED,0.0,0.0,0,nooit
DMA NL,gepauzeerd,export 90,Repeaters,PLA/Repeaters_a,21086237492,,11299,,PAUSED,37.72,78.98,615,2025-11
DMA NL,gepauzeerd,export 90,Repeaters,PLA/Repeaters_b,21086237678,,11299,,PAUSED,22.95,27.14,384,2025-11
DMA NL,gepauzeerd,export 90,Repeaters,PLA/Repeaters_c,21089439316,,11299,,PAUSED,9.93,5.1,164,2025-11
DMA NL,gepauzeerd,export 90,Schuifpuzzels,PLA/Schuifpuzzels_a,23321321964,,9000175,,PAUSED,0.0,0.0,0,nooit
DMA NL,gepauzeerd,export 90,Schuifpuzzels,PLA/Schuifpuzzels_b,23322330213,,9000175,,PAUSED,0.0,0.0,0,nooit
DMA NL,gepauzeerd,export 90,Schuifpuzzels,PLA/Schuifpuzzels_c,23323860657,,9000175,,PAUSED,0.0,0.0,0,nooit
DMA NL,gepauzeerd,export 90,Stapelstoelen,PLA/Stapelstoelen_a,23326240475,,9000081,,PAUSED,0.0,0.0,0,nooit
DMA NL,gepauzeerd,export 90,Stapelstoelen,PLA/Stapelstoelen_b,23322241653,,9000081,,PAUSED,0.0,0.0,0,nooit
DMA NL,gepauzeerd,export 90,Stapelstoelen,PLA/Stapelstoelen_c,23336579508,,9000081,,PAUSED,0.0,0.0,0,nooit
DMA NL,gepauzeerd,export 90,Tandems,PLA/Tandems_a,21079504476,,9001185,,PAUSED,0.0,0.0,0,nooit
DMA NL,gepauzeerd,export 90,Tandems,PLA/Tandems_b,21089534836,,9001185,,PAUSED,0.0,0.0,0,nooit
DMA NL,gepauzeerd,export 90,Tandems,PLA/Tandems_c,21089534848,,9001185,,PAUSED,0.0,0.0,0,2024-05
DMA NL,gepauzeerd,export 90,Toiletemmers,PLA/Toiletemmers_a,21089539576,,9004759,,PAUSED,0.0,0.0,0,nooit
DMA NL,gepauzeerd,export 90,Toiletemmers,PLA/Toiletemmers_b,21089539612,,9004759,,PAUSED,0.0,0.0,0,nooit
DMA NL,gepauzeerd,export 90,Toiletemmers,PLA/Toiletemmers_c,21079509291,,9004759,,PAUSED,0.0,0.0,0,nooit
DMA NL,gepauzeerd,export 90,Travelmaaltijden,PLA/Travelmaaltijden_a,21079544553,,9003778,,PAUSED,0.0,0.0,0,nooit
DMA NL,gepauzeerd,export 90,Travelmaaltijden,PLA/Travelmaaltijden_b,21089575105,,9003778,,PAUSED,0.0,0.0,0,nooit
DMA NL,gepauzeerd,export 90,Travelmaaltijden,PLA/Travelmaaltijden_c,21086400875,,9003778,,PAUSED,0.0,0.0,0,nooit
DMA NL,gepauzeerd,export 90,Vakantiehuizen,PLA/Vakantiehuizen_a,21079559748,,9001537,,PAUSED,0.0,0.0,0,nooit
DMA NL,gepauzeerd,export 90,Vakantiehuizen,PLA/Vakantiehuizen_b,21086416220,,9001537,,PAUSED,0.0,0.0,0,nooit
DMA NL,gepauzeerd,export 90,Vakantiehuizen,PLA/Vakantiehuizen_c,21086416445,,9001537,,PAUSED,2.23,2.65,45,2025-11
DMA BE,omgezet_actief,BE,Badjassen,PLA/Badjassen_a,21117199675,157336737822,9000677,9005578,ENABLED,0.0,0.0,0,nooit
DMA BE,omgezet_actief,BE,Badjassen,PLA/Badjassen_b,21113822849,160077798237,9000677,9005578,ENABLED,0.0,0.0,0,nooit
DMA BE,omgezet_actief,BE,Badjassen,PLA/Badjassen_c,21117200080,162830298369,9000677,9005578,ENABLED,0.0,0.0,0,nooit
DMA BE,omgezet_actief,BE,Elektrische barbecues,PLA/Elektrische barbecues_a,21117295327,160906868358,9005327,9005582,ENABLED,0.0,0.0,0,nooit
DMA BE,omgezet_actief,BE,Elektrische barbecues,PLA/Elektrische barbecues_b,21107125674,165716968248,9005327,9005582,ENABLED,0.0,0.0,0,nooit
DMA BE,omgezet_actief,BE,Elektrische barbecues,PLA/Elektrische barbecues_c,21107125653,160101883156,9005327,9005582,ENABLED,0.0,0.0,0,nooit
DMA BE,omgezet_actief,BE,Geursets,PLA/Geursets_a,21107146494,157936981337,9002764,9005581,ENABLED,0.0,0.0,0,nooit
DMA BE,omgezet_actief,BE,Geursets,PLA/Geursets_b,21107146926,160193607059,9002764,9005581,ENABLED,0.0,0.0,0,nooit
DMA BE,omgezet_actief,BE,Geursets,PLA/Geursets_c,21107146698,162505952800,9002764,9005581,ENABLED,0.0,0.0,0,nooit
DMA BE,omgezet_actief,BE,Huispakken,PLA/Huispakken_a,21117342226,163919419870,9000673,9005579,ENABLED,0.0,0.0,0,nooit
DMA BE,omgezet_actief,BE,Huispakken,PLA/Huispakken_b,21113969186,157337462062,9000673,9005579,ENABLED,0.0,0.0,0,nooit
DMA BE,omgezet_actief,BE,Huispakken,PLA/Huispakken_c,21113968505,160798010115,9000673,9005579,ENABLED,0.0,0.0,0,nooit
DMA BE,omgezet_actief,BE,Kraamcadeaus,PLA/Kraamcadeaus_a,21117535654,162956087191,9002763,9005591,ENABLED,0.0,0.0,0,nooit
DMA BE,omgezet_actief,BE,Kraamcadeaus,PLA/Kraamcadeaus_b,21114169364,162956089871,9002763,9005591,ENABLED,0.0,0.0,0,nooit
DMA BE,omgezet_actief,BE,Kraamcadeaus,PLA/Kraamcadeaus_c,21117535678,160601090072,9002763,9005591,ENABLED,0.0,0.0,0,nooit
DMA BE,omgezet_actief,BE,Nachthemden,PLA/Nachthemden_a,21114201734,163745396367,9000849,9005577,ENABLED,0.0,0.0,0,nooit
DMA BE,omgezet_actief,BE,Nachthemden,PLA/Nachthemden_b,21117567025,156889514381,9000849,9005577,ENABLED,0.0,0.0,0,nooit
DMA BE,omgezet_actief,BE,Nachthemden,PLA/Nachthemden_c,21117567049,159674169749,9000849,9005577,ENABLED,0.0,0.0,0,nooit
DMA BE,omgezet_actief,BE,Pyjama's,PLA/Pyjama's_a,21117604009,160105719556,9000851,9005576,ENABLED,0.0,0.0,0,nooit
DMA BE,omgezet_actief,BE,Pyjama's,PLA/Pyjama's_b,21107449329,156889638861,9000851,9005576,ENABLED,0.0,0.0,0,nooit
DMA BE,omgezet_actief,BE,Pyjama's,PLA/Pyjama's_c,21114233894,160196005379,9000851,9005576,ENABLED,0.0,0.0,0,nooit
DMA BE,omgezet_actief,BE,Tandendoosjes,PLA/Tandendoosjes_a,21118083580,163657117801,9004560,9005590,ENABLED,0.0,0.0,0,nooit
DMA BE,omgezet_actief,BE,Tandendoosjes,PLA/Tandendoosjes_b,21107990847,163083658547,9004560,9005590,ENABLED,0.0,0.0,0,nooit
DMA BE,omgezet_actief,BE,Tandendoosjes,PLA/Tandendoosjes_c,21114728558,161074180218,9004560,9005590,ENABLED,0.0,0.0,0,nooit
DMA BE,omgezet_actief,BE,Wijn cadeaus,PLA/Wijn cadeaus_a,21114748478,160606772112,9003597,9005593,ENABLED,0.0,0.0,0,nooit
DMA BE,omgezet_actief,BE,Wijn cadeaus,PLA/Wijn cadeaus_b,21114748268,165750935211,9003597,9005593,ENABLED,0.0,0.0,0,nooit
DMA BE,omgezet_actief,BE,Wijn cadeaus,PLA/Wijn cadeaus_c,21118103494,162516122080,9003597,9005593,ENABLED,0.0,0.0,0,nooit
DMA NL,omgezet_actief,NL2 zustercampagne,Afstandsbedieningen,PLA/Afstandsbedieningen_a,21088903570,156543049101,13036,9005229,ENABLED,298.37,442.51,2426,2025-11
DMA NL,omgezet_actief,NL2 zustercampagne,Afstandsbedieningen,PLA/Afstandsbedieningen_c,21085699874,156543056861,13036,9005229,ENABLED,63.67,83.83,1074,2025-11
DMA NL,omgezet_actief,NL1 taxv2-naammatch,Analoge camera's,PLA/Analoge camera's_a,21078842868,163574915190,13058,9005255,ENABLED,26.47,75.9,403,2025-11
DMA NL,omgezet_actief,NL1 taxv2-naammatch,Analoge camera's,PLA/Analoge camera's_b,21078843024,162497343009,13058,9005255,ENABLED,31.53,94.42,499,2025-11
DMA NL,omgezet_actief,NL1 taxv2-naammatch,Analoge camera's,PLA/Analoge camera's_c,21078843075,166520288304,13058,9005255,ENABLED,9.97,1.32,156,2025-11
DMA NL,omgezet_actief,NL2 zustercampagne,Antennes,PLA/Antennes_a,21088905493,166523699664,13035,9005230,ENABLED,10.07,16.1,177,2025-11
DMA NL,omgezet_actief,NL2 zustercampagne,Antennes,PLA/Antennes_c,21078843096,160064228615,13035,9005230,ENABLED,132.44,110.12,2016,2025-11
DMA NL,omgezet_actief,NL2 zustercampagne,Auto-luidsprekers,PLA/Auto-luidsprekers_a,21085727960,159759242156,13032,9005251,ENABLED,239.01,275.06,2459,2025-11
DMA NL,omgezet_actief,NL2 zustercampagne,Auto-luidsprekers,PLA/Auto-luidsprekers_b,21085727981,160568857198,13032,9005251,ENABLED,334.57,269.52,5034,2025-11
DMA NL,omgezet_actief,NL2 zustercampagne,Auto-multimedia,PLA/Auto-multimedia_a,21078867342,160556852100,13030,9005252,ENABLED,142.83,354.01,1569,2025-11
DMA NL,omgezet_actief,NL2 zustercampagne,Auto-multimedia,PLA/Auto-multimedia_b,21088931641,160556854300,13030,9005252,ENABLED,268.46,248.64,2673,2025-11
DMA NL,omgezet_actief,NL1 taxv2-naammatch,Autoradio's,PLA/Autoradio's_a,21088931953,160568883038,13031,9005253,ENABLED,27.76,13.04,441,2025-11
DMA NL,omgezet_actief,NL1 taxv2-naammatch,Autoradio's,PLA/Autoradio's_b,21088932367,165386746051,13031,9005253,ENABLED,398.16,510.65,4152,2025-11
DMA NL,omgezet_actief,NL1 taxv2-naammatch,Autoradio's,PLA/Autoradio's_c,21088932190,163398090167,13031,9005253,ENABLED,205.07,116.95,2108,2025-11
DMA NL,omgezet_actief,NL1 taxv2-naammatch,Babyfoons,PLA/Babyfoons_a,21078870678,160064359895,13048,9005279,ENABLED,308.41,761.95,2354,2025-11
DMA NL,omgezet_actief,NL1 taxv2-naammatch,Babyfoons,PLA/Babyfoons_b,21078870216,160064366815,9005222,9005279,ENABLED,390.33,763.21,2972,2025-11
DMA NL,omgezet_actief,NL1 taxv2-naammatch,Babyfoons,PLA/Babyfoons_c,21078870231,158095290925,13048,9005279,ENABLED,11.29,33.68,175,2025-11
DMA NL,omgezet_actief,NL2 zustercampagne,Barcode scanners,PLA/Barcode scanners_a,21078882876,158420415814,11280,9005181,ENABLED,0.14,0.0,2,2025-11
DMA NL,omgezet_actief,NL2 zustercampagne,Barcode scanners,PLA/Barcode scanners_b,21078882879,168256232548,11280,9005181,ENABLED,4.52,3.92,76,2025-11
DMA NL,omgezet_actief,NL1 taxv2-naammatch,Bedbodems,PLA/Bedbodems_a,23345406673,189153201745,9000051,9005553,ENABLED,0.0,0.0,0,nooit
DMA NL,omgezet_actief,NL1 taxv2-naammatch,Bedbodems,PLA/Bedbodems_b,23336324115,196636499664,9000051,9005553,ENABLED,0.0,0.0,0,nooit
DMA NL,omgezet_actief,NL1 taxv2-naammatch,Bedbodems,PLA/Bedbodems_c,23345407135,190860471098,9000051,9005553,ENABLED,0.0,0.0,0,nooit
DMA NL,omgezet_actief,NL1 taxv2-naammatch,Bloeddrukmeters,PLA/Bloeddrukmeters_a,21078899253,161325709122,13019,9005267,ENABLED,990.55,1442.37,8241,2025-11
DMA NL,omgezet_actief,NL1 taxv2-naammatch,Bloeddrukmeters,PLA/Bloeddrukmeters_b,21085756745,164940710332,13019,9005267,ENABLED,787.8,1221.27,6714,2025-11
DMA NL,omgezet_actief,NL1 taxv2-naammatch,Bloeddrukmeters,PLA/Bloeddrukmeters_c,21078899658,161325712202,13019,9005267,ENABLED,56.31,46.04,505,2025-11
DMA NL,omgezet_actief,NL2 zustercampagne,Bridges & Routers,PLA/Bridges & Routers_b,21085763669,160154079496,9005197,9005210,ENABLED,664.8,1026.94,6275,2025-11
DMA NL,omgezet_actief,NL2 zustercampagne,Bridges & Routers,PLA/Bridges & Routers_c,21085763897,161345384284,9005197,9005210,ENABLED,308.67,284.98,2644,2025-11
DMA NL,omgezet_actief,NL1 taxv2-naammatch,Bureaus,PLA/Bureaus_a,23341443731,191438467164,9000041,9005550,ENABLED,0.0,0.0,0,nooit
DMA NL,omgezet_actief,NL1 taxv2-naammatch,Bureaus,PLA/Bureaus_b,23336343096,192582843489,9000041,9005550,ENABLED,0.0,0.0,0,nooit
DMA NL,omgezet_actief,NL1 taxv2-naammatch,Bureaus,PLA/Bureaus_c,23341444226,189474530843,9000041,9005550,ENABLED,0.0,0.0,0,nooit
DMA NL,omgezet_actief,NL1 taxv2-naammatch,CD-spelers & recorders,PLA/CD-spelers & recorders_a,21078937191,161325905482,13067,9005235,ENABLED,164.8,199.78,1556,2025-11
DMA NL,omgezet_actief,NL1 taxv2-naammatch,CD-spelers & recorders,PLA/CD-spelers & recorders_b,21085792001,158420913054,13067,9005235,ENABLED,137.29,140.5,1570,2025-11
DMA NL,omgezet_actief,NL1 taxv2-naammatch,CD-spelers & recorders,PLA/CD-spelers & recorders_c,21085792040,160569742758,13067,9005235,ENABLED,127.64,201.2,1256,2025-11
DMA NL,omgezet_actief,NL2 zustercampagne,Camera lenzen,PLA/Camera lenzen_a,21085769237,168261163868,13054,9005256,ENABLED,217.27,346.16,1670,2025-11
DMA NL,omgezet_actief,NL2 zustercampagne,Camera lenzen,PLA/Camera lenzen_c,21088963564,159322017829,13054,9005256,ENABLED,234.31,409.63,1836,2025-11
DMA NL,omgezet_actief,NL1 taxv2-naammatch,DVD- & Blu-ray spelers,PLA/DVD- & Blu-ray spelers_a,21078950841,157602864857,13027,9005247,ENABLED,354.14,458.5,3778,2025-11
DMA NL,omgezet_actief,NL1 taxv2-naammatch,DVD- & Blu-ray spelers,PLA/DVD- & Blu-ray spelers_b,21088998910,158421164294,13027,9005247,ENABLED,500.14,833.08,5028,2025-11
DMA NL,omgezet_actief,NL1 taxv2-naammatch,DVD- & Blu-ray spelers,PLA/DVD- & Blu-ray spelers_c,21088998916,157602866297,13027,9005247,ENABLED,24.85,19.17,407,2025-11
DMA NL,omgezet_actief,NL2 zustercampagne,Digitale camera's,PLA/Digitale camera's_b,21088993609,160569994558,13057,9005258,ENABLED,828.73,1776.57,7763,2025-11
DMA NL,omgezet_actief,NL2 zustercampagne,Digitale camera's,PLA/Digitale camera's_c,21088993666,161345636364,13057,9005258,ENABLED,375.61,490.08,3287,2025-11
DMA NL,omgezet_actief,NL1 taxv2-naammatch,Digitale fotolijsten,PLA/Digitale fotolijsten_a,21088993888,158391996943,18032,9005259,ENABLED,119.28,189.19,1078,2025-11
DMA NL,omgezet_actief,NL1 taxv2-naammatch,Digitale fotolijsten,PLA/Digitale fotolijsten_b,21078945759,168261553348,18032,9005259,ENABLED,241.3,396.92,2062,2025-11
DMA NL,omgezet_actief,NL1 taxv2-naammatch,Digitale fotolijsten,PLA/Digitale fotolijsten_c,21088993918,161326297402,18032,9005259,ENABLED,13.27,69.08,211,2025-11
DMA NL,omgezet_actief,NL1 taxv2-naammatch,Digitale thermometers,PLA/Digitale thermometers_a,21085800437,162620133791,13014,9005268,ENABLED,161.27,204.33,2158,2025-11
DMA NL,omgezet_actief,NL1 taxv2-naammatch,Digitale thermometers,PLA/Digitale thermometers_b,21085800677,168261570228,13014,9005268,ENABLED,323.58,335.27,3014,2025-11
DMA NL,omgezet_actief,NL1 taxv2-naammatch,Digitale thermometers,PLA/Digitale thermometers_c,21085800695,160570002638,13014,9005268,ENABLED,20.23,12.64,341,2025-11
DMA NL,omgezet_actief,NL2 zustercampagne,Disk drives,PLA/Disk drives_c,21085801916,160065242775,11261,9005168,ENABLED,15.82,14.34,251,2025-11
DMA NL,omgezet_actief,NL1 taxv2-naammatch,Divers,PLA/Divers_a,21078946506,162155841080,13037,9005231,ENABLED,0.0,0.0,0,nooit
DMA NL,omgezet_actief,NL1 taxv2-naammatch,Divers,PLA/Divers_b,21078946725,159759375116,13037,9005231,ENABLED,2.71,1.37,43,2025-11
DMA NL,omgezet_actief,NL1 taxv2-naammatch,Divers,PLA/Divers_c,21078946491,160570113518,13037,9005231,ENABLED,0.07,0.0,1,2025-03
DMA NL,omgezet_actief,NL2 zustercampagne,E-readers,PLA/E-readers_b,21085807601,162497993249,19004,9005232,ENABLED,388.91,490.05,3576,2025-11
DMA NL,omgezet_actief,NL2 zustercampagne,E-readers,PLA/E-readers_c,21089002285,160463129995,19004,9005232,ENABLED,121.75,129.95,1376,2025-11
DMA NL,omgezet_actief,NL2 zustercampagne,Elektrische tandenborstels,PLA/Elektrische tandenborstels_b,21078953658,159323125109,13015,9005269,ENABLED,1489.28,2186.45,12432,2025-11
DMA NL,omgezet_actief,NL2 zustercampagne,Elektrische tandenborstels,PLA/Elektrische tandenborstels_c,21078953712,165388022051,13015,9005269,ENABLED,450.24,658.56,3859,2025-11
DMA NL,omgezet_actief,NL1 taxv2-naammatch,Faxen,PLA/Faxen_a,21089003482,160463289115,18030,9005280,ENABLED,0.0,0.0,0,nooit
DMA NL,omgezet_actief,NL1 taxv2-naammatch,Faxen,PLA/Faxen_b,21085811966,157603317257,9005223,9005280,ENABLED,2.78,5.84,45,2025-11
DMA NL,omgezet_actief,NL1 taxv2-naammatch,Faxen,PLA/Faxen_c,21085811975,160463176555,18030,9005280,ENABLED,0.52,0.13,9,2025-09
DMA NL,omgezet_actief,NL2 zustercampagne,Föhns,PLA/Föhns_a,21085814861,160735133738,13020,9005270,ENABLED,958.79,1838.18,7811,2025-11
DMA NL,omgezet_actief,NL2 zustercampagne,Game consoles,PLA/Game consoles_b,21085818905,160259114792,11317,9005193,ENABLED,785.91,1626.89,7697,2025-11
DMA NL,omgezet_actief,NL2 zustercampagne,Game consoles,PLA/Game consoles_c,21078963594,161326668682,11317,9005193,ENABLED,469.34,692.22,5503,2025-11
DMA NL,omgezet_actief,NL1 taxv2-naammatch,Gamecontrollers,PLA/Gamecontrollers_a,21085819331,162740748194,11281,9005183,ENABLED,1957.68,3205.96,18058,2025-11
DMA NL,omgezet_actief,NL1 taxv2-naammatch,Gamecontrollers,PLA/Gamecontrollers_b,21085819190,162740751034,11281,9005183,ENABLED,1243.13,1854.92,13801,2025-11
DMA NL,omgezet_actief,NL1 taxv2-naammatch,Gamecontrollers,PLA/Gamecontrollers_c,21078964005,159574820573,11281,9005183,ENABLED,890.04,1442.32,8983,2025-11
DMA NL,omgezet_actief,NL1 taxv2-naammatch,Geheugenadapters,PLA/Geheugenadapters_a,21089016625,160558185500,11275,9005209,ENABLED,1.41,10.63,23,2025-11
DMA NL,omgezet_actief,NL1 taxv2-naammatch,Geheugenadapters,PLA/Geheugenadapters_b,21078965253,159731865277,9005206,9005209,ENABLED,13.64,11.4,213,2025-11
DMA NL,omgezet_actief,NL1 taxv2-naammatch,Geheugenadapters,PLA/Geheugenadapters_c,21089016640,158096031245,11275,9005209,ENABLED,4.63,15.9,74,2025-11
DMA NL,omgezet_actief,NL2 zustercampagne,Geluidskaarten,PLA/Geluidskaarten_b,21078965928,165388060291,11262,9005169,ENABLED,28.85,30.9,450,2025-11
DMA NL,omgezet_actief,NL2 zustercampagne,Geluidskaarten,PLA/Geluidskaarten_c,21089017390,159863889739,11262,9005169,ENABLED,6.37,1.42,96,2025-11
DMA NL,omgezet_actief,NL2 zustercampagne,Haarstylers,PLA/Haarstylers_b,21085854854,159270281266,13011,9005271,ENABLED,1925.35,2871.37,20537,2025-11
DMA NL,omgezet_actief,NL2 zustercampagne,Haarstylers,PLA/Haarstylers_c,21085855199,163398819567,13011,9005271,ENABLED,566.06,756.21,4849,2025-11
DMA NL,omgezet_actief,NL2 zustercampagne,Harde schijven,PLA/Harde schijven_b,21085860425,162156149440,11263,9005217,ENABLED,188.12,339.69,2375,2025-11
DMA NL,omgezet_actief,NL1 taxv2-naammatch,Home Cinema sets,PLA/Home Cinema sets_a,21079003362,162723961627,13070,9005237,ENABLED,421.98,807.3,3355,2025-11
DMA NL,omgezet_actief,NL1 taxv2-naammatch,Home Cinema sets,PLA/Home Cinema sets_b,21089058124,166524642224,13070,9005237,ENABLED,218.25,251.33,3094,2025-11
DMA NL,omgezet_actief,NL1 taxv2-naammatch,Home Cinema sets,PLA/Home Cinema sets_c,21079001901,165388305731,13070,9005237,ENABLED,241.84,173.3,2260,2025-11
DMA NL,omgezet_actief,NL2 zustercampagne,Hubs & switches,PLA/Hubs & switches_b,21085874303,162156303000,11294,9005211,ENABLED,509.24,753.13,4231,2025-11
DMA NL,omgezet_actief,NL2 zustercampagne,Hubs & switches,PLA/Hubs & switches_c,21085874540,164941498012,11294,9005211,ENABLED,268.14,282.18,2123,2025-11
DMA NL,omgezet_actief,NL1 taxv2-naammatch,Huistelefoons,PLA/Huistelefoons_a,21079009842,160735576698,13049,9005281,ENABLED,206.03,154.49,1929,2025-11
DMA NL,omgezet_actief,NL1 taxv2-naammatch,Huistelefoons,PLA/Huistelefoons_b,21089064373,164941518132,13049,9005281,ENABLED,388.83,401.43,6549,2025-11
DMA NL,omgezet_actief,NL1 taxv2-naammatch,Huistelefoons,PLA/Huistelefoons_c,21089064928,160735603178,13049,9005281,ENABLED,148.2,155.13,2578,2025-11
DMA NL,omgezet_actief,NL2 zustercampagne,Input adapters,PLA/Input adapters_b,21079012938,159732264917,11282,9005184,ENABLED,25.74,29.72,409,2025-11
DMA NL,omgezet_actief,NL2 zustercampagne,Input adapters,PLA/Input adapters_c,21089067484,165376802848,11282,9005184,ENABLED,19.61,20.95,309,2025-11
DMA NL,omgezet_actief,NL1 taxv2-naammatch,Koptelefoons,PLA/Koptelefoons_a,21086039036,162725338467,13064,9005238,ENABLED,3828.9,6200.17,33850,2025-11
DMA NL,omgezet_actief,NL1 taxv2-naammatch,Koptelefoons,PLA/Koptelefoons_b,21079179027,162725339267,13064,9005238,ENABLED,2829.53,4310.04,28741,2025-11
DMA NL,omgezet_actief,NL1 taxv2-naammatch,Koptelefoons,PLA/Koptelefoons_c,21079179069,163400253967,13064,9005238,ENABLED,1030.61,1676.44,10832,2025-11
DMA NL,omgezet_actief,NL1 taxv2-naammatch,LED-TV's,PLA/LED-TV's_a,21089252071,160067794015,9002578,9005291,ENABLED,1255.69,2112.18,12481,2025-11
DMA NL,omgezet_actief,NL1 taxv2-naammatch,LED-TV's,PLA/LED-TV's_b,21086052236,157605224057,9002578,9005291,ENABLED,1201.95,1567.85,12773,2025-11
DMA NL,omgezet_actief,NL1 taxv2-naammatch,LED-TV's,PLA/LED-TV's_c,21089253502,160067796695,9002578,9005291,ENABLED,237.39,235.14,3130,2025-11
DMA NL,omgezet_actief,NL1 taxv2-naammatch,Laptops,PLA/Laptops_a,21086050037,160067721975,9005121,9005194,ENABLED,693.91,1073.53,5924,2025-11
DMA NL,omgezet_actief,NL1 taxv2-naammatch,Laptops,PLA/Laptops_b,21079189149,160067722735,11318,9005194,ENABLED,899.55,2263.78,7763,2025-11
DMA NL,omgezet_actief,NL1 taxv2-naammatch,Laptops,PLA/Laptops_c,21089250616,160067723735,11318,9005194,ENABLED,250.01,163.23,2778,2025-11
DMA NL,omgezet_actief,NL2 zustercampagne,MP3-spelers,PLA/MP3-spelers_a,21086130461,163400572287,13063,9005239,ENABLED,8.85,9.66,141,2025-11
DMA NL,omgezet_actief,NL2 zustercampagne,MP3-spelers,PLA/MP3-spelers_b,21086130662,162158592160,13063,9005239,ENABLED,34.45,80.64,567,2025-11
DMA NL,omgezet_actief,NL2 zustercampagne,Mobiele telefoons,PLA/Mobiele telefoons_a,21089332456,168263647628,13050,9005282,ENABLED,2967.39,4406.01,27040,2025-11
DMA NL,omgezet_actief,NL2 zustercampagne,Mobiele telefoons,PLA/Mobiele telefoons_c,21086125334,164943798892,13050,9005282,ENABLED,562.09,844.42,9107,2025-11
DMA NL,omgezet_actief,NL1 taxv2-naammatch,Modems,PLA/Modems_a,21089331094,159325651109,11295,9005212,ENABLED,3.01,13.97,46,2025-10
DMA NL,omgezet_actief,NL1 taxv2-naammatch,Modems,PLA/Modems_b,21086126318,164943923172,9005199,9005212,ENABLED,27.46,51.56,436,2025-11
DMA NL,omgezet_actief,NL1 taxv2-naammatch,Modems,PLA/Modems_c,21079270740,159325659829,9005199,9005212,ENABLED,15.4,2.6,250,2025-10
DMA NL,omgezet_actief,NL2 zustercampagne,Moederborden,PLA/Moederborden_a,21086126369,159325662229,11264,9005170,ENABLED,10.93,39.68,166,2025-11
DMA NL,omgezet_actief,NL2 zustercampagne,Moederborden,PLA/Moederborden_c,21079270947,158424235414,11264,9005170,ENABLED,27.83,127.2,427,2025-11
DMA NL,omgezet_actief,NL1 taxv2-naammatch,Navigatie systemen,PLA/Navigatie systemen_a,21089343778,158344996046,13010,9005263,ENABLED,262.3,478.58,2480,2025-11
DMA NL,omgezet_actief,NL1 taxv2-naammatch,Navigatie systemen,PLA/Navigatie systemen_b,21086137082,168263820628,13010,9005263,ENABLED,290.11,340.7,2782,2025-11
DMA NL,omgezet_actief,NL1 taxv2-naammatch,Navigatie systemen,PLA/Navigatie systemen_c,21086136638,163400842687,13010,9005263,ENABLED,83.8,131.1,770,2025-11
DMA NL,omgezet_actief,NL1 taxv2-naammatch,Netwerkapparatuur,PLA/Netwerkapparatuur_a,21079282764,162725983427,11297,9005213,ENABLED,7.23,31.2,112,2025-11
DMA NL,omgezet_actief,NL1 taxv2-naammatch,Netwerkapparatuur,PLA/Netwerkapparatuur_b,21079282722,163400877007,11297,9005213,ENABLED,17.92,97.89,279,2025-11
DMA NL,omgezet_actief,NL1 taxv2-naammatch,Netwerkapparatuur,PLA/Netwerkapparatuur_c,21089345263,158345040446,11297,9005213,ENABLED,13.29,12.52,210,2025-11
DMA NL,omgezet_actief,NL2 zustercampagne,Netwerkkaarten,PLA/Netwerkkaarten_a,21089345482,163400880447,11296,9005214,ENABLED,7.51,15.73,119,2025-10
DMA NL,omgezet_actief,NL2 zustercampagne,Netwerkkaarten,PLA/Netwerkkaarten_c,21086139359,158973126239,9005201,9005214,ENABLED,12.93,23.79,204,2025-11
DMA NL,omgezet_actief,NL2 zustercampagne,Netwerkopslag,PLA/Netwerkopslag_a,21079283199,159272652466,11298,9005215,ENABLED,9.38,12.5,140,2025-11
DMA NL,omgezet_actief,NL2 zustercampagne,Netwerkopslag,PLA/Netwerkopslag_c,21089345704,159734207277,11298,9005215,ENABLED,13.95,67.82,224,2025-11
DMA NL,omgezet_actief,NL1 taxv2-naammatch,OLED-TV's,PLA/OLED-TV's_a,21079285362,158395286063,9002579,9005292,ENABLED,471.38,1244.15,4255,2025-11
DMA NL,omgezet_actief,NL1 taxv2-naammatch,OLED-TV's,PLA/OLED-TV's_b,21086146313,159325803509,9002579,9005292,ENABLED,52.67,72.38,815,2025-11
DMA NL,omgezet_actief,NL1 taxv2-naammatch,OLED-TV's,PLA/OLED-TV's_c,21079284915,158395289943,9002579,9005292,ENABLED,18.93,17.8,201,2025-11
DMA NL,omgezet_actief,NL1 taxv2-naammatch,Ontharingsapparaten,PLA/Ontharingsapparaten_a,21079288530,159272682946,13018,9005272,ENABLED,2144.45,3559.89,18264,2025-11
DMA NL,omgezet_actief,NL1 taxv2-naammatch,Ontharingsapparaten,PLA/Ontharingsapparaten_b,21089350495,159103371065,13018,9005272,ENABLED,2635.37,3888.71,23841,2025-11
DMA NL,omgezet_actief,NL1 taxv2-naammatch,Ontharingsapparaten,PLA/Ontharingsapparaten_c,21089350531,165378637848,13018,9005272,ENABLED,566.91,921.55,4731,2025-11
DMA NL,omgezet_actief,NL1 taxv2-naammatch,PC's & servers,PLA/PC's & servers_a,21089359843,160561315900,11319,9005195,ENABLED,85.09,151.55,864,2025-11
DMA NL,omgezet_actief,NL1 taxv2-naammatch,PC's & servers,PLA/PC's & servers_b,21089359915,158345500286,11319,9005195,ENABLED,187.14,179.64,1988,2025-11
DMA NL,omgezet_actief,NL1 taxv2-naammatch,PC's & servers,PLA/PC's & servers_c,21089360041,162742953114,11319,9005195,ENABLED,183.66,321.31,2154,2025-11
DMA NL,omgezet_actief,NL2 zustercampagne,Personen weegschalen,PLA/Personen weegschalen_a,21079299111,161348797604,13013,9005273,ENABLED,349.95,570.01,2940,2025-11
DMA NL,omgezet_actief,NL2 zustercampagne,Personen weegschalen,PLA/Personen weegschalen_b,21079299267,161348802164,13013,9005273,ENABLED,476.09,567.9,4543,2025-11
DMA NL,omgezet_actief,NL1 taxv2-naammatch,Poefs,PLA/Poefs_a,23344629737,187123878422,9000046,9005552,ENABLED,0.0,0.0,0,nooit
DMA NL,omgezet_actief,NL1 taxv2-naammatch,Poefs,PLA/Poefs_b,23345597404,189926249276,9000046,9005552,ENABLED,0.0,0.0,0,nooit
DMA NL,omgezet_actief,NL1 taxv2-naammatch,Poefs,PLA/Poefs_c,23344624004,189360802226,9000046,9005552,ENABLED,0.0,0.0,0,nooit
DMA NL,omgezet_actief,NL1 taxv2-naammatch,Portofoons,PLA/Portofoons_a,21089417962,165391344451,11325,9005284,ENABLED,154.26,258.37,1953,2025-11
DMA NL,omgezet_actief,NL1 taxv2-naammatch,Portofoons,PLA/Portofoons_b,21079365315,163580082190,11325,9005284,ENABLED,299.75,312.79,2973,2025-11
DMA NL,omgezet_actief,NL1 taxv2-naammatch,Portofoons,PLA/Portofoons_c,21086229596,163580094430,11325,9005284,ENABLED,63.54,55.6,1080,2025-11
DMA NL,omgezet_actief,NL2 zustercampagne,Printers,PLA/Printers_c,21086230784,160562331340,11304,9005188,ENABLED,124.56,629.79,1722,2025-11
DMA NL,omgezet_actief,NL2 zustercampagne,Printersupplies,PLA/Printersupplies_b,21089418868,160562340900,11258,9005165,ENABLED,1095.09,2087.07,8551,2025-11
DMA NL,omgezet_actief,NL2 zustercampagne,Printersupplies,PLA/Printersupplies_c,21089419162,160562346940,11258,9005165,ENABLED,399.2,763.01,3137,2025-11
DMA NL,omgezet_actief,NL2 zustercampagne,Processors,PLA/Processors_b,21089419189,163319009441,11266,9005172,ENABLED,372.46,508.73,2999,2025-11
DMA NL,omgezet_actief,NL2 zustercampagne,QLED-TV's,PLA/QLED-TV's_b,21089421265,157000818862,9002577,9005290,ENABLED,356.36,398.42,4100,2025-11
DMA NL,omgezet_actief,NL1 taxv2-naammatch,Radio's,PLA/Radio's_a,21078948942,162155987440,13061,9005236,ENABLED,197.71,367.27,2796,2025-11
DMA NL,omgezet_actief,NL1 taxv2-naammatch,Radio's,PLA/Radio's_b,21088996786,156997614862,13061,9005236,ENABLED,496.92,623.49,6728,2025-11
DMA NL,omgezet_actief,NL1 taxv2-naammatch,Radio's,PLA/Radio's_c,21088996975,156997615822,13061,9005236,ENABLED,243.95,268.64,2374,2025-11
DMA NL,omgezet_actief,NL2 zustercampagne,Receivers,PLA/Receivers_a,21086235584,166528713264,13072,9005240,ENABLED,77.51,158.0,985,2025-11
DMA NL,omgezet_actief,NL2 zustercampagne,Receivers,PLA/Receivers_c,21086236256,166528734184,13072,9005240,ENABLED,22.84,17.13,382,2025-11
DMA NL,omgezet_actief,NL1 taxv2-naammatch,SSD,PLA/SSD_a,21086329619,162729095707,11401,9005218,ENABLED,527.44,896.67,4712,2025-11
DMA NL,omgezet_actief,NL1 taxv2-naammatch,SSD,PLA/SSD_b,21079452162,159579806133,9005174,9005218,ENABLED,523.71,622.83,4806,2025-11
DMA NL,omgezet_actief,NL1 taxv2-naammatch,SSD,PLA/SSD_c,21089503609,159579807333,11401,9005218,ENABLED,358.36,690.79,3126,2025-11
DMA NL,omgezet_actief,NL2 zustercampagne,Satelliet ontvangers,PLA/Satelliet ontvangers_c,21089451304,166528944224,13029,9005249,ENABLED,44.52,58.57,799,2025-11
DMA NL,omgezet_actief,NL1 taxv2-naammatch,Scanners,PLA/Scanners_a,21086257607,160158628456,11306,9005190,ENABLED,186.4,469.34,1594,2025-11
DMA NL,omgezet_actief,NL1 taxv2-naammatch,Scanners,PLA/Scanners_b,21086257820,166528955744,11306,9005190,ENABLED,280.72,633.17,2526,2025-11
DMA NL,omgezet_actief,NL1 taxv2-naammatch,Scanners,PLA/Scanners_c,21089451577,165391638451,11306,9005190,ENABLED,42.99,42.94,719,2025-11
DMA NL,omgezet_actief,NL2 zustercampagne,Scheeraccessoires,PLA/Scheeraccessoires_b,21079397448,165392115251,13012,9005274,ENABLED,536.02,808.45,4187,2025-11
DMA NL,omgezet_actief,NL2 zustercampagne,Scheeraccessoires,PLA/Scheeraccessoires_c,21086258543,159274371026,13012,9005274,ENABLED,101.63,143.02,827,2025-11
DMA NL,omgezet_actief,NL2 zustercampagne,Speakers,PLA/Speakers_a,21089467396,157001010422,13066,9005241,ENABLED,4482.51,7679.37,37953,2025-11
DMA NL,omgezet_actief,NL2 zustercampagne,Speakers,PLA/Speakers_c,21089467123,159764617916,13066,9005241,ENABLED,456.76,677.84,7312,2025-11
DMA NL,omgezet_actief,NL1 taxv2-naammatch,Stereo's,PLA/Stereo's_a,21079454616,168265860468,13077,9005242,ENABLED,291.71,672.09,2920,2025-11
DMA NL,omgezet_actief,NL1 taxv2-naammatch,Stereo's,PLA/Stereo's_b,21089506015,158397242783,13077,9005242,ENABLED,680.97,1056.48,7264,2025-11
DMA NL,omgezet_actief,NL1 taxv2-naammatch,Stereo's,PLA/Stereo's_c,21089505274,158397243023,13077,9005242,ENABLED,127.78,147.46,1500,2025-11
DMA NL,omgezet_actief,NL2 zustercampagne,Tablets,PLA/Tablets_b,21086357942,163319810081,11323,9005196,ENABLED,324.01,390.44,3174,2025-11
DMA NL,omgezet_actief,NL2 zustercampagne,Toetsenborden,PLA/Toetsenborden_a,21089539417,158101423125,11284,9005185,ENABLED,604.97,1097.17,4875,2025-11
DMA NL,omgezet_actief,NL2 zustercampagne,Toetsenborden,PLA/Toetsenborden_b,21086366786,160070117215,11284,9005185,ENABLED,742.87,958.11,6472,2025-11
DMA NL,omgezet_actief,NL1 taxv2-naammatch,Tondeuses,PLA/Tondeuses_a,21086368271,159580050173,13017,9005276,ENABLED,347.63,557.02,2812,2025-11
DMA NL,omgezet_actief,NL1 taxv2-naammatch,Tondeuses,PLA/Tondeuses_b,21086368550,159580051333,13017,9005276,ENABLED,814.24,1039.77,6787,2025-11
DMA NL,omgezet_actief,NL1 taxv2-naammatch,Tondeuses,PLA/Tondeuses_c,21089541559,159580052053,13017,9005276,ENABLED,189.46,248.55,1587,2025-11
DMA NL,omgezet_actief,NL1 taxv2-naammatch,Tuners,PLA/Tuners_a,21079558443,163402934527,13073,9005243,ENABLED,552.54,802.56,5242,2025-11
DMA NL,omgezet_actief,NL1 taxv2-naammatch,Tuners,PLA/Tuners_b,21086414093,162161380680,13073,9005243,ENABLED,468.86,595.19,7401,2025-11
DMA NL,omgezet_actief,NL1 taxv2-naammatch,Tuners,PLA/Tuners_c,21079558464,165392947411,13073,9005243,ENABLED,159.52,138.48,2382,2025-11
DMA NL,omgezet_actief,NL1 taxv2-naammatch,USB-sticks,PLA/USB-sticks_a,21086414843,159764950036,11274,9005207,ENABLED,351.78,467.62,2825,2025-11
DMA NL,omgezet_actief,NL1 taxv2-naammatch,USB-sticks,PLA/USB-sticks_b,21089590708,162625439031,9005204,9005207,ENABLED,49.53,68.12,781,2025-11
DMA NL,omgezet_actief,NL1 taxv2-naammatch,USB-sticks,PLA/USB-sticks_c,21089590765,160740509698,11274,9005207,ENABLED,19.39,70.76,314,2025-11
DMA NL,omgezet_actief,NL1 taxv2-naammatch,Versterkers,PLA/Versterkers_a,21089595499,165393120611,13075,9005244,ENABLED,28.03,47.95,454,2025-11
DMA NL,omgezet_actief,NL1 taxv2-naammatch,Versterkers,PLA/Versterkers_b,21079564542,162502462689,13075,9005244,ENABLED,358.59,429.3,3486,2025-11
DMA NL,omgezet_actief,NL1 taxv2-naammatch,Versterkers,PLA/Versterkers_c,21086420321,158426683374,13075,9005244,ENABLED,40.35,290.74,664,2025-11
DMA NL,omgezet_actief,NL2 zustercampagne,Verwisselbare media,PLA/Verwisselbare media_a,21086422922,165393138611,11259,9005166,ENABLED,7.23,19.32,112,2025-09
DMA NL,omgezet_actief,NL2 zustercampagne,Verwisselbare media,PLA/Verwisselbare media_b,21086422940,159580332653,11259,9005166,ENABLED,22.57,20.83,364,2025-11
DMA NL,omgezet_actief,NL1 taxv2-naammatch,Videocamera's,PLA/Videocamera's_a,21089597758,165393161691,13059,9005261,ENABLED,761.97,1853.93,6041,2025-11
DMA NL,omgezet_actief,NL1 taxv2-naammatch,Videocamera's,PLA/Videocamera's_b,21086424134,159736297917,13059,9005261,ENABLED,529.86,831.81,5287,2025-11
DMA NL,omgezet_actief,NL1 taxv2-naammatch,Videocamera's,PLA/Videocamera's_c,21089597932,159580440853,13059,9005261,ENABLED,297.63,257.55,2677,2025-11
DMA NL,omgezet_actief,NL1 taxv2-naammatch,Videokaarten,PLA/Videokaarten_a,21089597941,159736312997,11271,9005175,ENABLED,297.22,493.46,2950,2025-11
DMA NL,omgezet_actief,NL1 taxv2-naammatch,Videokaarten,PLA/Videokaarten_b,21079566372,165393171811,11271,9005175,ENABLED,1552.84,3663.1,13110,2025-11
DMA NL,omgezet_actief,NL1 taxv2-naammatch,Videokaarten,PLA/Videokaarten_c,21079566891,162745376394,11271,9005175,ENABLED,484.55,866.79,5082,2025-11
DMA NL,omgezet_actief,NL1 taxv2-naammatch,Voicerecorders,PLA/Voicerecorders_a,21086430191,160563395900,11324,9005288,ENABLED,18.67,75.58,294,2025-11
DMA NL,omgezet_actief,NL1 taxv2-naammatch,Voicerecorders,PLA/Voicerecorders_b,21086430458,161331145642,11324,9005288,ENABLED,32.8,156.26,532,2025-11
DMA NL,omgezet_actief,NL1 taxv2-naammatch,Voicerecorders,PLA/Voicerecorders_c,21089603986,166529668464,11324,9005288,ENABLED,11.52,53.31,184,2025-11
DMA NL,omgezet_actief,NL1 taxv2-naammatch,Webcams,PLA/Webcams_a,21079581528,159106122865,11308,9005192,ENABLED,11.94,32.27,190,2025-11
DMA NL,omgezet_actief,NL1 taxv2-naammatch,Webcams,PLA/Webcams_b,21089610922,157608058497,11308,9005192,ENABLED,26.01,149.56,408,2025-11
DMA NL,omgezet_actief,NL1 taxv2-naammatch,Webcams,PLA/Webcams_c,21086437664,159106125265,11308,9005192,ENABLED,78.32,43.5,630,2025-11
DMA NL,omgezet_actief,NL2 zustercampagne,Wekkerradio's,PLA/Wekkerradio's_b,21079582497,159867967179,13038,9005233,ENABLED,443.68,572.17,5808,2025-11
DMA NL,omgezet_actief,NL2 zustercampagne,Wekkerradio's,PLA/Wekkerradio's_c,21086438057,164946384932,13038,9005233,ENABLED,219.26,244.89,2063,2025-11
DMA NL,omgezet_actief,NL1 taxv2-naammatch,Zitzakken,PLA/Zitzakken_a,23341106840,192769479991,9000049,9005551,ENABLED,0.0,0.0,0,nooit
DMA NL,omgezet_actief,NL1 taxv2-naammatch,Zitzakken,PLA/Zitzakken_b,23345094931,191483999164,9000049,9005551,ENABLED,0.0,0.0,0,nooit
DMA NL,omgezet_actief,NL1 taxv2-naammatch,Zitzakken,PLA/Zitzakken_c,23336014254,192956716987,9000049,9005551,ENABLED,0.0,0.0,0,nooit
DMA NL,omgezet_actief,NL2 zustercampagne,Zonnebanken,PLA/Zonnebanken_a,21089618356,159106274065,13016,9005277,ENABLED,0.0,0.0,0,nooit
DMA NL,omgezet_actief,NL2 zustercampagne,Zonnebanken,PLA/Zonnebanken_c,21079591107,161157568073,13016,9005277,ENABLED,0.0,0.0,0,2024-03
DMA BE,omgezet_daarna_gepauzeerd,export 13,Fietstassen,PLA/Fietstassen_a,21117303796,159305197399,9000834,9005619,PAUSED,0.0,0.0,0,2024-04
DMA BE,omgezet_daarna_gepauzeerd,export 13,Fietstassen,PLA/Fietstassen_b,21117304012,159305200959,9000834,9005619,PAUSED,0.0,0.0,0,2024-04
DMA BE,omgezet_daarna_gepauzeerd,export 13,Fietstassen,PLA/Fietstassen_c,21117304039,161498346713,9000834,9005619,PAUSED,0.0,0.0,0,2024-04
DMA NL,omgezet_daarna_gepauzeerd,export 13,Input devices,PLA/Input devices_b,21089067565,160259567672,11310,9005177,PAUSED,0.0,0.0,0,nooit
DMA NL,omgezet_daarna_gepauzeerd,export 13,Netwerk,PLA/Netwerk_a,21086138381,159103309865,11311,9005178,PAUSED,0.0,0.0,0,nooit
DMA NL,omgezet_daarna_gepauzeerd,export 13,Netwerk,PLA/Netwerk_b,21086138303,158973112519,11301,9005178,PAUSED,0.0,0.0,0,nooit
DMA NL,omgezet_daarna_gepauzeerd,export 13,Netwerk,PLA/Netwerk_c,21086138117,164944210492,11301,9005178,PAUSED,0.0,0.0,0,nooit
DMA NL,omgezet_daarna_gepauzeerd,export 13,Systemen,PLA/Systemen_a,21086357267,158425516014,11321,9005180,PAUSED,0.0,0.0,0,nooit
DMA NL,omgezet_daarna_gepauzeerd,export 13,Systemen,PLA/Systemen_b,21079500843,159579900173,11315,9005180,PAUSED,0.0,0.0,0,nooit
DMA NL,omgezet_daarna_gepauzeerd,export 13,Systemen,PLA/Systemen_c,21089531743,159105446785,11315,9005180,PAUSED,0.0,0.0,0,nooit
DMA NL,omgezet_daarna_gepauzeerd,export 13,Warmhoudlades,PLA/Warmhoudlades_a,21079578198,160563468460,12041,9005338,PAUSED,23.97,62.11,385,2025-11
DMA NL,omgezet_daarna_gepauzeerd,export 13,Warmhoudlades,PLA/Warmhoudlades_b,21086434682,160468574155,12041,9005338,PAUSED,56.77,66.05,909,2025-11
DMA NL,omgezet_daarna_gepauzeerd,export 13,Warmhoudlades,PLA/Warmhoudlades_c,21079578231,159736513677,12041,9005338,PAUSED,24.58,18.32,404,2025-11
